id,name,latitude,longitude,country
Q136695675,69 Speedway Kallifytos,41.17040,24.20180,GR
Q138845212,A1 Motor Park,42.31546,23.53969,BG
Q4673007,Ace Speedway,36.19280,-79.49950,US
Q786432,ACI Vallelunga Circuit,42.15944,12.36917,IT
Q48697874,Active Kart Club Festica,35.41524,137.28556,JP
Q137870115,Adams County Speedway,40.99443,-94.72803,US
Q2973977,Adelaide International Raceway,-34.69920,138.56500,AU
Q83234,Adelaide Street Circuit,-34.93047,138.62061,AU
Q134479390,Adirondack International Speedway,43.85360,-75.45190,US
Q367389,Adria International Raceway,45.04417,12.14750,IT
Q130280925,Aeginio Circuit,40.49278,22.60056,GR
Q108685046,Afyonkarahisar Motor Sports Center,38.78578,30.48142,TR
Q4696439,Ahvenisto Race Circuit,61.00205,24.42115,FI
Q173217,Ain-Diab Circuit,33.57878,-7.68774,MA
Q12221467,Aintree Motor Racing Circuit,53.47694,-2.94056,GB
Q2828260,Airborne Park Speedway,44.63461,-73.49774,US
Q653214,Aix-les-Bains Circuit du Lac,45.69152,5.89494,FR
Q4705285,Alabama Motorsports Park,30.81110,-88.13530,US
Q2623403,Alastaro Circuit,60.97740,22.65857,FI
Q2802165,Albany-Saratoga Speedway,42.98859,-73.78227,US
Q171288,Albert Park Circuit,-37.84972,144.96833,AU
Q28407331,Aldershot Stadium,51.23931,-0.73572,GB
Q16830319,Aldo Scribante Circuit,-33.80694,25.64722,ZA
Q737299,Alemannenring,47.75556,8.87361,DE
Q15179173,Alexandra Park Street Circuit,-29.62517,30.38581,ZA
Q4727801,All-American Speedway,38.75730,-121.29100,US
Q139456852,All-Tech Raceway,29.99405,-82.61169,US
Q434307,Altamont Raceway Park,37.73800,-121.56300,US
Q4740325,Amaroo Park,-33.65080,150.93400,AU
Q4754190,Anderson Speedway,40.08870,-85.69650,US
Q172894,Anderstorp Raceway,57.26417,13.60139,SE
Q136211105,Angelica Raceway,42.30720,-78.01030,US
Q4762806,Angell Park Speedway,43.17780,-89.21110,US
Q4763391,Anglesey Circuit,53.19004,-4.49766,GB
Q4782777,Aquasco Speedway,38.55890,-76.71220,US
Q166117,Arctic Circle Raceway,66.42300,14.44200,NO
Q2791673,Ardmore Airport,-37.02972,174.97333,NZ
Q125868149,Area 27 Motorsports Park,49.15570,-119.52690,CA
Q10417416,Arena Avesta,60.07545,16.32036,SE
Q4788880,Arena Essex Raceway,51.49420,0.28278,GB
Q10417435,Arendalsbanan,57.70106,11.85589,SE
Q138603150,Arlington Street Circuit,32.70500,-97.03944,US
Q4792527,Armadale Stadium,55.89830,-3.68306,GB
Q4796260,Arroyo Seco Raceway,32.23800,-107.42900,US
Q48698108,Asamadai Sport Land,35.80142,140.50760,JP
Q4803498,Asan Circuit,34.08917,133.85833,JP
Q5769926,Ascari Race Resort,36.82554,-5.08367,ES
Q4804034,Ascot Park,33.86440,-118.28900,US
Q2091297,Asheville-Weaverville Speedway,35.74040,-82.55780,US
Q54847389,Aspar Circuit,39.22672,-0.46717,ES
Q125253769,Aspern Airfield Circuit,48.22472,16.50806,AT
Q4812969,Atco Raceway,39.77500,-74.83000,US
Q16801754,Athens Circuit,37.98706,23.36337,GR
Q4816058,Atlanta Dragway,34.26390,-83.47280,US
Q374058,Atlanta Motor Speedway,33.38349,-84.31786,US
Q16162216,Atlanta Motorsports Park,34.43470,-84.17690,US
Q4816357,Atlantic City Speedway,39.60330,-74.74110,US
Q4816494,Atlantic Motorsport Park,45.14500,-63.44860,CA
Q48697324,Atom Circuit,38.43333,141.18333,JP
Q280374,Audru Ring,58.40187,24.45369,EE
Q139601378,Auering (Haßbergen),52.75480,9.28650,DE
Q4820939,Augusta International Raceway,33.35670,-82.08720,US
Q4826096,Auto Club Raceway at Pomona,34.09510,-117.77000,US
Q784899,Auto Club Speedway,34.08860,-117.50000,US
Q48696889,Auto Sportsland Sunagawa,43.49180,141.89440,JP
Q4826158,Autobahn Country Club,41.45470,-88.12720,US
Q15784739,Autobahnschere Chemnitz,50.85317,12.85398,DE
Q1167943,Autobahnspinne Dresden,51.13620,13.75220,DE
Q12076062,Autodrom Chayka,50.43917,30.29306,UA
Q11773870,Autodrom CzechRing,50.24600,15.83800,CZ
Q96311112,Autodrom Jastrząb,51.26385,20.92825,PL
Q4304395,Autodrom Moscow,55.56310,37.98560,RU
Q786418,Autodrom Most,50.51806,13.59000,CZ
Q123000959,Autodrom Môlča,48.71160,19.24496,SK
Q4056231,Autodrom Saint Petersburg,59.78251,30.45441,RU
Q786412,Autodrom Sedlčany,49.67081,14.42784,CZ
Q786413,Autodrom Sosnová,50.65927,14.53821,CZ
Q123667764,Autodrom Sosnowiec,50.29461,19.11175,PL
Q2872546,Autodrome Chaudière,46.37231,-70.94261,CA
Q735277,Autodrome de Linas-Montlhéry,48.62219,2.23555,FR
Q2872550,Autodrome Montmagny,46.93778,-70.55333,CA
Q2872552,Autodrome Saguenay,48.36528,-71.13028,CA
Q2872557,Autodrome Saint-Eustache,45.57330,-73.96250,CA
Q2872556,Autodrome St-Félicien,48.67639,-72.51722,CA
Q3302727,Autodrome Tetamamar,41.23833,1.78056,ES
Q2872558,Autodrome Val-Bélair,46.86722,-71.43639,CA
Q107264860,Autodromo del Levante,40.99475,16.74203,IT
Q735696,Autodromo dell'Umbria,43.13111,12.23944,IT
Q1525161,Autodromo della Mellaha,32.89022,13.30262,LY
Q2065051,Autodromo di Franciacorta,45.51167,10.00528,IT
Q116800267,Autodromo di Lombardore,45.23611,7.72444,IT
Q21234682,Autodromo di Modena,44.63315,10.81424,IT
Q30908925,Autodromo di Morano sul Po,45.15411,8.34679,IT
Q3630487,Autodromo di Mores,40.50889,8.83250,IT
Q786167,Autodromo di Pergusa,37.51444,14.30639,IT
Q3630488,Autodromo di Vairano - Automotive Safety Center,45.27440,9.25410,IT
Q15194060,Autodromo Internacional de Yahuarcocha,0.38000,-78.09667,EC
Q2250260,Autodromo Riccardo Paletti,44.68111,10.02250,IT
Q48698114,Autoland Chiba,35.64338,140.21285,JP
Q48700108,Autoland Sanin,35.32139,133.00063,JP
Q787936,Automotodrom Grobnik,45.38258,14.50867,HR
Q427654,Automotodróm Slovakia Ring,48.05389,17.57080,SK
Q1748785,Autopolis,33.03694,130.97303,JP
Q4827215,Autódromo Aldea Romana de Bahía Blanca,-38.68214,-62.18011,AR
Q126510698,Autódromo Cabo Negro,-52.96531,-70.83768,CL
Q4827211,Autódromo Chiapas,16.77870,-93.25070,MX
Q4827214,Autódromo Ciudad de Concordia,-31.30806,-58.00502,AR
Q134290220,Autódromo Ciudad de Dolores,-36.32639,-57.69722,AR
Q20022006,Autódromo Ciudad de La Rioja,-29.40528,-66.88083,AR
Q4827216,Autódromo Ciudad de Mar del Plata,-37.99442,-57.63861,AR
Q5712981,Autódromo Ciudad de Nueve de Julio,-35.43484,-60.91337,AR
Q5712984,Autódromo Ciudad de Oberá,-27.49407,-55.17788,AR
Q4827217,Autódromo Ciudad de Paraná,-31.76306,-60.37694,AR
Q17995297,Autódromo Ciudad de Pigüé,-27.49417,-55.17778,AR
Q5712986,Autódromo Ciudad de Rafaela,-31.20750,-61.47639,AR
Q135683855,Autódromo Curacaví,-33.40476,-71.15324,CL
Q789433,Autódromo de Benguela,-12.60104,13.38413,AO
Q16941590,Autódromo de Concepción del Uruguay,-32.45515,-58.31403,AR
Q4827241,Autódromo de León,21.03583,-101.57528,MX
Q138009,Autódromo de Luanda,-9.00964,13.09754,AO
Q5713035,Autódromo de Tocancipá,4.96045,-73.94665,CO
Q20983541,Autódromo Don Eduardo,-32.64013,-61.50711,AR
Q8210040,Autódromo Eduardo Copello,-31.55397,-68.69431,AR
Q116483098,Autódromo Eduardo Prudêncio Cabrera,-30.86288,-55.60660,UY
Q123418321,Autódromo Enrique Freile,-50.32293,-72.15129,AR
Q5712988,Autódromo Eusebio Marcilla,-34.64987,-61.01736,AR
Q111598506,Autódromo Francisco Villa,28.50734,-105.88744,MX
Q4827220,Autódromo General San Martín,-45.90261,-67.54536,AR
Q9639096,Autódromo Geraldo Backer,-20.17558,-40.26565,BR
Q113455971,Autódromo Guadalajara,20.53400,-103.34500,MX
Q2836291,Autódromo Gustavo Felo Rivera,-33.05949,-71.45515,CL
Q173099,Autódromo Hermanos Rodríguez,19.40420,-99.08875,MX
Q2919153,Autódromo Huachalalume La Serena,-29.98189,-71.21824,CL
Q126619477,Autódromo Héctor Supicci Sedes,-31.72528,-55.94278,UY
Q5712995,Autódromo Interlomas,-38.62083,-72.46611,CL
Q4827221,Autódromo Internacional Ayrton Senna,-8.23247,-35.98560,BR
Q4827223,Autódromo Internacional Ayrton Senna,-23.28222,-51.16722,BR
Q789407,Autódromo Internacional Ayrton Senna,-16.71839,-49.19422,BR
Q16489234,Autódromo Internacional de Codegua,-34.03671,-70.63266,CL
Q537078,Autódromo Internacional de Curitiba,-25.44472,-49.19694,BR
Q789413,Autódromo Internacional de Guaporé,-28.84472,-51.85389,BR
Q137177280,Autódromo Internacional de Mato Grosso,-15.45221,-56.08548,BR
Q4827228,Autódromo Internacional de Santa Cruz do Sul,-29.80000,-52.43667,BR
Q4827229,Autódromo Internacional de Tarumã,-30.04861,-51.01917,BR
Q4826252,Autódromo Internacional de Turagua,10.13841,-67.50819,VE
Q789427,Autódromo Internacional do Algarve,37.22940,-8.63053,PT
Q15792225,Autódromo Internacional El Jabalí,13.81002,-89.33196,SV
Q171437,Autódromo Internacional Nelson Piquet,-22.97556,-43.39500,BR
Q173835,Autódromo Internacional Nelson Piquet,-15.77614,-47.90008,BR
Q123473150,Autódromo Internacional Potenza,-21.78972,-43.66306,BR
Q136148154,Autódromo Internacional Simón Bolívar,8.18694,-62.89025,VE
Q16495392,Autódromo Internacional Virgílio Távora,-3.89500,-38.46389,BR
Q4827226,Autódromo Internacional Zilmar Beux - Cascavel/PR,-24.98114,-53.38192,BR
Q4827227,Autódromo Jorge Ángel Pena,-33.05983,-68.49742,AR
Q30904645,Autódromo José Carlos Bassi,-33.68659,-65.49528,AR
Q171387,Autódromo José Carlos Pace,-23.70111,-46.69722,BR
Q2752518,Autódromo Juan Manuel Fangio,-37.88303,-58.26706,AR
Q97182054,Autódromo Juan María Traverso,-33.40013,-60.20374,AR
Q20983542,Autódromo Juan Oria,-32.68400,-62.14892,AR
Q5713001,Autódromo La Chutana,-12.39727,-76.75239,PE
Q30915228,Autódromo La Guácima,9.97324,-84.24963,CR
Q12156002,Autódromo Las Vizcachas,-33.60229,-70.52263,CL
Q5713026,Autódromo Luis Rubén Di Palma,-36.70812,-56.71793,AR
Q2918908,Autódromo Mar y Valle,-43.30153,-65.27150,AR
Q5713007,Autódromo Martín Miguel de Güemes,-24.78187,-65.37568,AR
Q789428,Autódromo Miguel E. Abed,19.03000,-97.98806,MX
Q5713010,Autódromo Moisés Solana,20.05202,-98.68993,MX
Q4827232,Autódromo Monterrey,25.85611,-100.21722,MX
Q5713014,Autódromo Municipal Juan Manuel Fangio,-32.90337,-60.74441,AR
Q4827230,Autódromo Oscar Cabalén,-31.57500,-64.35833,AR
Q30915280,Autódromo Panamá,8.97139,-79.83290,PA
Q4827233,Autódromo Parque Ciudad,-39.07538,-67.57949,AR
Q789430,Autódromo Parque Ciudad de Río Cuarto,-33.17917,-64.36944,AR
Q4827234,Autódromo Parque de la Velocidad de San Jorge,-31.91170,-61.86868,AR
Q5713023,Autódromo Parque Provincia del Neuquén,-38.85466,-68.15561,AR
Q4827236,Autódromo Pedro Cofiño,14.38250,-90.82056,GT
Q4827237,Autódromo Potosino,22.09139,-100.72556,MX
Q16489237,Autódromo Provincia de La Pampa,-36.72973,-64.34929,AR
Q65173437,Autódromo Ricardo Mejía,4.77833,-74.04528,CO
Q686521,Autódromo Roberto Mouras,-34.98056,-58.18028,AR
Q10858004,Autódromo Rosamonte,-27.44027,-55.92620,AR
Q4827240,Autódromo Santiago Yaco Guarnieri,-27.38806,-59.00500,AR
Q15194186,Autódromo Sudamericano de Olavarría,-36.85944,-60.25412,AR
Q16830535,Autódromo Tacna,-18.11197,-70.31052,PE
Q4827242,Autódromo Termas de Río Hondo,-27.50586,-64.91447,AR
Q16495395,Autódromo Velo Città,-22.28944,-46.84778,BR
Q15194198,Autódromo Viedma,-40.85681,-63.01969,AR
Q5713032,Autódromo Víctor Borrat Fabini,-34.78056,-55.92222,UY
Q4827593,Avalon Raceway,-38.01360,144.45600,AU
Q155810,AVUS,52.48056,13.25139,DE
Q86677710,Awix Racing Arena,53.01889,18.54222,PL
Q25005334,Badlands Motor Speedway,43.57059,-96.58340,US
Q171332,Bahrain International Circuit,26.03250,50.51056,BH
Q17004958,Baku City Circuit,40.37250,49.85330,AZ
Q118511681,Balaton Park Circuit,47.00806,18.19889,HU
Q789302,Balatonring,46.58853,17.25325,HU
Q1745990,Baltimore Street Circuit,39.28330,-76.61670,US
Q4854603,Bandimere Speedway,39.66380,-105.18800,US
Q116763746,Bangsaen Street Circuit,13.30833,100.90694,TH
Q807806,Barber Motorsports Park,33.53250,-86.61890,US
Q808913,Barrie Speedway,44.47700,-79.51500,CA
Q4867615,Baskerville Raceway,-42.74560,147.29600,AU
Q4868606,Batangas Racing Circuit,13.82028,121.27722,PH
Q117359803,Battenbergring,50.97400,8.60800,DE
Q19360198,Battersea Park Street Circuit,51.47920,-0.15722,GB
Q31490922,Battleground Speedway,29.85194,-95.06417,US
Q19274808,Bautzener Autobahnring,51.19558,14.45845,DE
Q139799568,Baypark Raceway,-37.68056,176.23444,NZ
Q5086746,Beaver Dam Raceway,43.44850,-88.81190,US
Q813859,Bedford Autodrome,52.23360,-0.47222,GB
Q4879200,Bedford Speedway,40.02400,-78.52000,US
Q2893621,Beech Ridge Motor Speedway,43.61020,-70.38070,US
Q23016653,Beeline Dragway,33.50759,-111.76065,US
Q2351209,Beijing International Street Circuit,39.80972,116.49861,CN
Q814724,Beijing International Street Circuit,40.17370,116.68660,CN
Q17928550,Beijing Olympic Green Circuit,39.99470,116.38500,CN
Q2125172,Belle Isle circuit,42.33611,-82.99556,US
Q123857547,Belo Horizonte Circuit,-19.86639,-43.97278,BR
Q2872227,Beltsville Speedway,39.04630,-76.85130,US
Q17122433,Belvedere Airport Circuit,-17.93181,31.09269,ZW
Q4892458,Berlin Raceway,43.03560,-85.83530,US
Q24174786,Berlin Street Circuit,52.51778,13.43528,DE
Q59558659,Bern Street Circuit,46.94917,7.44722,CH
Q823167,Bernauer Schleife,52.61390,13.55830,DE
Q4897921,Bethel Motor Speedway,41.70800,-74.83680,US
Q4899562,Beverly Hills Speedway,34.06610,-118.40200,US
Q48699900,Bihoku Highland Circuit,34.97447,133.61525,JP
Q125776425,BiKarting,45.60383,11.79945,IT
Q4912027,Billown Circuit,54.08845,-4.66455,IM
Q863357,Bilster Berg,51.79220,9.06688,DE
Q4915575,Bira Circuit,12.92139,101.00917,TH
Q18397207,Biscayne Bay Street Circuit,25.78190,-80.19060,US
Q16353023,Biķernieki Complex Sports Base,56.96640,24.22150,LV
Q4922956,Blackhawk Farms Raceway,42.49750,-89.11500,US
Q131674393,Blue Circle Raceway,-26.15222,26.18583,ZA
Q2974007,BMW autodrome de Miramas,43.57280,4.96472,FR
Q172874,Boavista Circuit,41.17047,-8.67325,PT
Q117210047,Bonanza International Circuit,14.58990,101.42730,TH
Q3642181,Bonneville Speedway,40.76250,-113.89556,US
Q4943648,Boone Speedway,42.03200,-93.87600,US
Q24185566,Borderline Speedway,-37.85444,140.86694,AU
Q894749,Botniaring Racing Circuit,62.62693,22.01623,FI
Q897426,Brainerd International Raceway,46.41710,-94.27310,US
Q172880,Brands Hatch,51.35667,0.26250,GB
Q17122517,Breedon Everard Raceway,-20.10861,28.57028,ZW
Q34810718,Bridgeport Speedway,39.81880,-75.31800,US
Q16255493,Bristol Dragway,36.51700,-82.24900,US
Q383490,Bristol Motor Speedway,36.51560,-82.25690,US
Q4972882,Brockville Ontario Speedway,44.63530,-75.85000,CA
Q16847242,Bronson Speedway,29.47330,-82.60670,US
Q929193,Brooklands,51.34889,-0.47250,GB
Q17673917,"Brooklands motor racing circuit, remains of the pre-World War II aerodrome, World War II Bofors tower and shelters, and the Brooklands memorial",51.35080,-0.46856,GB
Q27230568,Brooklyn Street Circuit,40.68000,-74.01580,US
Q2333555,Bruce McLaren Motorsport Park,-38.66556,176.14417,NZ
Q4979457,Brunots Island Race Track,40.46310,-80.04330,US
Q641822,Bucharest Ring,44.42750,26.08444,RO
Q4983421,Buckmore Park Kart Circuit,51.34310,0.50139,GB
Q172906,Buddh International Circuit,28.35056,77.53500,IN
Q928721,Bugatti Circuit,47.95372,0.21078,FR
Q18209292,Bunbury Speedway,-33.34000,115.63900,AU
Q67202416,Burg-Park-Ring Kart Bad Mergentheim,49.49560,9.75237,DE
Q1025346,Cadwell Park,53.30890,-0.06306,GB
Q786639,Caesar's Palace Circuit,36.12236,-115.17553,US
Q39057171,Cajon Speedway,32.82208,-116.96825,US
Q14875114,Calabogie Motorsports Park,45.30280,-76.67220,CA
Q2009456,Calder Park Raceway,-37.67170,144.75600,AU
Q5021025,California State Fairgrounds Race Track,38.55000,-121.45000,US
Q5029008,Can-Am Speedway,44.20040,-75.95140,US
Q5030340,Canadian Motor Speedway,42.92803,-78.98675,CA
Q171570,Canadian Tire Motorsport Park,44.05000,-78.67778,CA
Q19460795,Canandaigua Motorsports Park,42.89470,-77.24970,US
Q24089734,Canberra Street Circuit,-35.29944,149.12730,AU
Q5032316,Canfield Speedway,41.01000,-80.75360,US
Q2937386,Capital City Speedway,45.24200,-75.98900,CA
Q130286672,Capitol Raceway,39.03480,-76.70356,US
Q5037809,Caraway Speedway,35.76620,-79.88510,US
Q5043739,Carmona Racing Circuit,14.28194,121.00889,PH
Q48814027,Castelletto Circuit,45.07019,9.10545,IT
Q5050030,Castle Combe Circuit,51.48970,-2.21250,GB
Q5050579,Castlereagh International Dragway,-33.67390,150.68600,AU
Q5051273,Catalina Park,-33.71220,150.30400,AU
Q130211883,Cecil County Dragway,39.63870,-75.99019,US
Q5056794,Cedar Lake Speedway,45.19031,-92.58800,US
Q5058697,Cemetery Circuit,-39.93920,175.04920,NZ
Q8343695,Centro Sperimentale Balocco,45.48534,8.30502,IT
Q16307503,Chang International Circuit,14.96284,103.08500,TH
Q172879,Charade Circuit,45.74250,3.02894,FR
Q5085899,Charlotte County Motorsports Park,26.90810,-82.00030,US
Q1067286,Charlotte Motor Speedway,35.35250,-80.68250,US
Q1067347,Charlotte Speedway,35.23850,-80.94380,US
Q5090684,Chemung Speedrome,42.02480,-76.62410,US
Q2647611,Chengdu Goldenport Circuit,30.58472,104.11583,CN
Q125120279,Chengdu Tianfu International Circuit,30.49306,104.43333,CN
Q138862466,Chiang Rai Circuit Raceway Mae Lao,19.74182,99.68960,TH
Q2149852,Chicago Motor Speedway,41.83056,-87.74861,US
Q113428164,Chicago Street Course,41.87583,-87.62056,US
Q764291,Chicagoland Speedway,41.47480,-88.05710,US
Q16258096,Chimay Street Circuit,50.05529,4.30388,BE
Q122056028,Chuckwalla Valley Raceway,33.75361,-115.31972,US
Q97170807,Château de Mornay,46.32220,1.92919,FR
Q136714054,Cigelsky okruh,48.73722,18.62833,SK
Q114612570,Circuit 9,18.58389,-72.31806,HT
Q172895,Circuit Bremgarten,46.95000,7.41083,CH
Q2973963,Circuit Carole,48.97754,2.52214,FR
Q951428,Circuit d'Albi,43.91472,2.11333,FR
Q8346365,Circuit d'Alcarràs,41.61933,0.39889,ES
Q120275726,Circuit d'Issoire,45.53721,3.26606,FR
Q171404,Circuit de Barcelona-Catalunya,41.57000,2.26111,ES
Q120299525,Circuit de Bresse,46.55432,5.32922,FR
Q2973974,Circuit de Cadours,43.74010,1.03370,FR
Q4894266,Circuit de Calafat,40.93389,0.84167,ES
Q11913913,Circuit de Can Nolla,41.50478,2.35232,ES
Q2973985,Circuit de Chambley,49.02690,5.89111,FR
Q2973986,circuit de Chenevières,48.51416,6.64848,FR
Q2974025,Circuit de Croix-en-Ternois,50.37703,2.29717,FR
Q5121598,Circuit de Dakar Baobabs,14.59239,-17.02263,SN
Q2973989,Circuit de Faleyras,44.75190,-0.24111,FR
Q90122326,Circuit de Gallecs,41.56456,2.20164,ES
Q2973992,Circuit de Haute Saintonge,45.24190,-0.09734,FR
Q2973993,Circuit de Kerlabo,48.44190,-2.94472,FR
Q126950712,Circuit de La Châtre,46.59292,2.00675,FR
Q2408156,Circuit de la Jamaïque,-20.89070,55.50220,FR
Q174090,Circuit de la Sarthe,47.94986,0.20753,FR
Q2974019,circuit de la Versenne,47.43140,6.70083,FR
Q2973994,Circuit de Lavaré,48.05820,0.66949,FR
Q16830886,Circuit de Lignières,47.09014,7.07622,CH
Q2974000,Circuit de Lohéac,47.86348,-1.89246,FR
Q2974001,Circuit de Loire-Atlantique,47.34469,-1.79913,FR
Q105345142,Circuit de Lyon-Parilly,45.72167,4.88528,FR
Q2974006,Circuit de Lédenon,43.92361,4.50583,FR
Q2974002,circuit de Maison Blanche,47.95490,0.21172,FR
Q2974005,Circuit de Mayenne,48.31630,-0.77183,FR
Q125747630,circuit de Mirecourt,48.32066,6.07912,FR
Q17624914,circuit de Mireval,43.52059,3.79571,FR
Q171400,Circuit de Monaco,43.73472,7.42056,MC
Q17597543,Circuit de Montgai,41.80021,0.94369,ES
Q2974022,circuit de motocross de Tilly-sur-Seulles,49.17300,-0.61490,FR
Q11913919,Circuit de Motocròs de Campos,39.45315,3.02453,ES
Q11913920,circuit de Motocròs de Catalunya,41.62733,1.04214,ES
Q11913918,Circuit de Motocròs de Lleida,41.57876,0.58717,ES
Q172876,Circuit de Nevers Magny-Cours,46.86395,3.16231,FR
Q3678089,Circuit de Pau-Ville,43.29252,-0.36305,FR
Q11913923,Circuit de Pedralbes de motocròs,41.39128,2.11170,ES
Q48481880,Circuit de Porrentruy-Courtedoux,47.41018,7.04902,CH
Q94293907,circuit de Touraine,47.25428,0.57043,FR
Q109018523,Circuit de Zeltweg,47.20389,14.74778,AT
Q11913924,Circuit del Vallès,41.55465,2.04972,ES
Q2973979,Circuit des Ducs,48.54620,0.25763,FR
Q22073053,Circuit des Invalides,48.85579,2.31263,FR
Q18016301,Circuit des Nations,46.22056,6.14250,CH
Q2974024,circuit des Platanes,42.69861,2.89556,FR
Q2973976,Circuit des Remparts,45.64944,0.15694,FR
Q94292227,circuit des Tourneix,46.75916,1.59009,FR
Q55596379,Circuit du Bourbonnais,46.53722,3.44667,FR
Q2974031,Circuit du Luc,43.34815,6.33281,FR
Q5121599,Circuit du Mas du Clos,45.93120,2.30236,FR
Q2215233,Circuit du Val de Vienne,46.19626,0.63259,FR
Q2973965,Circuit Félix Guichard,-21.11250,55.75610,FR
Q172860,Circuit Gilles Villeneuve,45.50056,-73.52250,CA
Q247672,Circuit Goodyear,49.79567,6.10295,LU
Q16258391,Circuit ICAR,45.68100,-74.02300,CA
Q1092834,Circuit International Automobile Moulay El Hassan,31.58639,-7.98611,MA
Q116973540,Circuit Italia,-32.68156,151.80566,AU
Q936985,Circuit Jules Tacheny Mettet,50.30162,4.65245,BE
Q16830889,Circuit Mallorca Rennarena,39.49452,2.79455,ES
Q111021586,circuit mixte de rallycross de l'Ouest Parisien,48.75603,1.36975,FR
Q172873,Circuit Mont-Tremblant,46.18770,-74.60990,CA
Q139858891,Circuit Nitram Plus,48.40752,-64.45164,CA
Q55371593,Circuit of Folembray,49.54614,3.30392,FR
Q59626,Circuit of the Americas,30.13280,-97.64110,US
Q2291676,Circuit Paalgraven,51.73774,5.56152,NL
Q48697221,Circuit Park Kiriyanai,40.53092,141.37836,JP
Q609448,Circuit Pau-Arnos,43.44612,-0.53242,FR
Q867548,Circuit Paul Armagnac,43.77027,-0.03973,FR
Q171424,Circuit Paul Ricard,43.25056,5.79167,FR
Q786577,Circuit Ricardo Tormo,39.48583,-0.62806,ES
Q2973969,Circuit Riverside Speedway Ste-Croix,46.63194,-71.78806,CA
Q138588467,Circuit Sidi Daoui de Oued Zem,32.87330,-6.60157,MA
Q2205575,Circuit Strijen,51.76694,4.52806,NL
Q1092841,Circuit Trois-Rivières,46.34750,-72.55860,CA
Q2535507,Circuit van Tubbergen,52.37587,6.76655,NL
Q173083,Circuit Zandvoort,52.38829,4.54301,NL
Q172868,Circuit Zolder,50.98889,5.25556,BE
Q9765146,Circuito Ayrton Senna,-12.94480,-38.43161,BR
Q115112827,Circuito callejero de Ciudad del Cabo,-33.90346,18.41115,ZA
Q126678497,Circuito Carlos Romero de Tolhuin,-54.49000,-67.17306,AR
Q113143617,Circuito Centro Dinámico Pegaso,19.36737,-99.55645,MX
Q42881860,Circuito Cittadino dell'EUR,41.83439,12.47317,IT
Q56479251,Circuito Daniel Rivas,40.01980,-3.02617,ES
Q867557,Circuito de Albacete,39.00639,-1.79417,ES
Q5407985,Circuito de Almería,37.08990,-2.27190,ES
Q5770036,Circuito de Balocco,45.48534,8.30502,IT
Q5770060,Circuito de Cartagena,37.64444,-1.03333,ES
Q121463270,Circuito de Motocross Guadaíra,37.09475,-5.49194,ES
Q1092902,Circuito de Navarra,42.56106,-2.16361,ES
Q3678078,Circuito di Cagliari,39.19917,9.13500,IT
Q101361917,Circuito di Collemaggio,42.34359,13.40038,IT
Q786138,Circuito di Ospedaletti,43.80080,7.72281,IT
Q16541929,Circuito di Siracusa,37.06910,15.24670,IT
Q3678095,Circuito di Torretta,38.10737,13.22773,IT
Q172890,Circuito do Estoril,38.75083,-9.39417,PT
Q28679621,Circuito dos Cristais,-18.80694,-44.40927,BR
Q16830887,Circuito Grandvalira Andorra,42.53880,1.72098,AD
Q5121626,Circuito Guadix,37.40167,-3.07472,ES
Q20161262,Circuito Internacional de Vila Real,41.30056,-7.73167,PT
Q125776417,Circuito internazionale di Siena,43.30871,11.47413,IT
Q3677967,circuito internazionale di Viterbo,42.81117,12.12349,IT
Q113027915,Circuito Internazionale d’Abruzzo,42.30517,14.38046,IT
Q2974004,Circuito Lasarte,43.25634,-2.01880,ES
Q16890403,Circuito Palermo,-34.56010,-58.42630,AR
Q5121627,Circuito Rosendo Hernández,-33.33444,-66.39417,AR
Q57204547,Circuito San Juan Villicum,-31.39506,-68.57000,AR
Q1092883,Circuito Urbano Bilbao,43.26806,-2.94444,ES
Q17625283,Circuito Urbano de La Bañeza,42.29511,-5.89803,ES
Q570236,Circuito Vasco Sameiro,41.58611,-8.44472,PT
Q111021587,circuits de l'Ouest Parisien,48.75789,1.37106,FR
Q130222597,Circuíto Choqueiro,42.47150,-7.93520,ES
Q2113852,Clady Circuit,54.66420,-6.10639,GB
Q16969819,Claremont Speedway,-31.97560,115.78500,AU
Q16890428,Clark International Speedway,15.20780,120.53700,PH
Q3440116,Cleveland circuit,41.51660,-81.68312,US
Q3681725,Clypse Course,54.17167,-4.49194,IM
Q139620512,Collie Motorplex,-33.43131,116.24158,AU
Q15925583,Coloane Karting Track,22.13254,113.56059,CN
Q14684394,Colorado National Speedway,40.05970,-104.97400,US
Q1112546,Columbia Speedway,33.95833,-81.07778,US
Q5150081,Columbus Motor Speedway,39.88640,-82.94310,US
Q5158861,Concord Speedway,35.30860,-80.52140,US
Q5165270,Continental Divide Raceways,39.33310,-104.89300,US
Q5172001,Cornwall Motor Speedway,45.05270,-74.79830,CA
Q135664661,Coronado Street Course,32.69917,-117.21528,US
Q5181980,Crandon International Off-Road Raceway,45.57200,-88.94080,US
Q10443093,Credentia Arena,60.05566,18.61346,SE
Q123411911,Cremona Circuit,45.08543,10.31201,IT
Q5185658,Crimond Raceway,57.60830,-1.89617,GB
Q1074573,Croft Circuit,54.45583,-1.56278,GB
Q5189440,Crown Point Road Race Circuit,41.41667,-87.36667,US
Q5197264,Cwmythig Hill,52.32610,-3.49056,GB
Q16040264,Dallas Grand Prix Circuit,32.78190,-96.76560,US
Q10466267,Dalsland Ring,58.94000,12.24000,SE
Q1166378,Darlington Raceway,34.29560,-79.90600,US
Q1172796,Daubornring,50.33060,8.20528,DE
Q5230263,Davenport Speedway,41.53500,-90.61830,US
Q13399865,Davidstow Circuit,50.63900,-4.61800,GB
Q5243571,Dayton Speedway,39.72420,-84.25610,US
Q743656,Daytona Beach Road Course,29.08469,-80.92556,US
Q1179250,Daytona International Speedway,29.18556,-81.06944,US
Q5253308,Delaware International Speedway,38.46900,-75.56100,US
Q5253353,Delaware Speedway,42.93030,-81.41770,CA
Q139854808,Des Moines Speedway,41.56800,-93.72500,US
Q172887,Detroit street circuit,42.32975,-83.04011,US
Q1206351,Deutschlandring,50.98330,14.11670,DE
Q15304005,Devil's Bowl Speedway,43.66780,-73.29310,US
Q123468133,Dezzi Raceway,-30.77040,30.42560,ZA
Q3678080,Diepholz Airfield Circuit,52.58556,8.34111,DE
Q2973987,Dieppe circuit,49.33360,1.00500,FR
Q172888,Dijon-Prenois,47.36199,4.89962,FR
Q65072737,Dixie Speedway,34.08972,-84.56000,US
Q104901837,Dog Track Speedway,36.54540,-76.19250,US
Q19877925,Dominion Raceway,38.13881,-77.50463,US
Q1240989,Donauring,48.76750,11.41720,DE
Q17122869,Donnybrook Raceway,-17.82592,31.18263,ZW
Q108899087,Douglas County Speedway,43.19646,-123.35793,US
Q1252953,Dover Motor Speedway,39.19000,-75.53000,US
Q12290726,Dracon,42.34166,24.73507,BG
Q48772190,Driftland,56.12781,-3.27880,GB
Q85757722,Drivecenter Arena,65.10750,20.76111,SE
Q116973557,DriveIt NQ,-19.62393,146.81997,AU
Q116698386,Driveway Austin,30.26334,-97.65676,US
Q136222988,Drum Raceway,42.09440,-78.08820,US
Q588356,Dubai Autodrome,25.05063,55.23913,AE
Q2153290,Duivelsbergcircuit,50.95024,5.64910,BE
Q173698,Dundrod Circuit,54.58080,-6.08472,GB
Q5314993,Dunedin Street Circuit,-45.88940,170.49600,NZ
Q5310021,DuQuoin State Fairgrounds Racetrack,37.98280,-89.22310,US
Q1266838,Durban street circuit,-29.83832,31.03438,ZA
Q5325209,Eagle Raceway,40.81050,-96.39090,US
Q116619972,Eagles Canyon Raceway,33.36692,-97.42718,US
Q5331869,Ebisu Circuit,37.64422,140.37228,JP
Q1280191,Ecce Homo,49.72660,17.30295,CZ
Q5333106,EcoCentro Expositor Querétaro,20.58639,-100.32806,MX
Q2238063,Eddie Wright Raceway,53.61639,-0.65444,GB
Q1285825,Edmonton City Centre Airport circuit,53.57556,-113.52292,CA
Q16966785,Edmonton International Raceway,52.98778,-113.45222,CA
Q5339069,Edmonton International Speedway,53.60700,-113.55700,CA
Q1301760,Eichenring,53.15940,9.52250,DE
Q16559802,El Dorado Speedway,28.82310,-105.95050,MX
Q1325639,Eldora Speedway,40.31861,-84.63389,US
Q5364363,Elko Speedway,44.56940,-93.33130,US
Q134301948,Eläintarha Circuit,60.18878,24.93420,FI
Q5373647,Emo Speedway,48.63440,-93.83550,CA
Q130388733,Ennstalring,47.88778,14.54639,AT
Q1350158,Erftlandring,50.88860,6.61380,DE
Q1369937,Estering,53.44880,9.69198,DE
Q1374476,Euro-Ring,47.14776,19.45922,HU
Q13626196,Eurocircuit,51.33528,5.42611,NL
Q10278286,Eurocircuito da Costilha,41.26678,-8.29408,PT
Q699372,EuroSpeedway Lausitz,51.53170,13.92890,DE
Q5417240,Evergreen Speedway,47.86860,-121.98700,US
Q115533813,Ewald-Pauli-Ring,50.33055,9.52444,DE
Q74677490,ExCeL Street Circuit,51.50833,0.02750,GB
Q841675,Fairgrounds Speedway,36.13056,-86.76222,US
Q907951,Falkenbergs Motorbana,56.97529,12.56857,SE
Q107679882,Findel,49.62667,6.20000,LU
Q522987,Fiorano Circuit,44.53418,10.85728,IT
Q65059966,Firebird Raceway,43.76694,-116.46889,US
Q5455919,Five Flags Speedway,30.50390,-87.30830,US
Q5457111,Flamboro Speedway,43.32820,-80.02360,CA
Q5457795,Flat Rock Speedway,42.08200,-83.30660,US
Q60967786,Flatenbanan,59.24970,18.17060,SE
Q8563732,Flemington Speedway,40.52640,-74.85280,US
Q138427187,Floriopoli,37.94796,13.78610,IT
Q104901836,Fonda Speedway,42.95311,-74.37134,US
Q5475252,Four Inch Course,54.17167,-4.49194,IM
Q5477172,Foxhill motocross circuit,51.53700,-1.67300,GB
Q20704855,Franklin County Speedway,37.01861,-80.04333,US
Q29035351,Freedom Factory,27.46584,-82.32494,US
Q5501622,Fremont Speedway,41.36000,-83.11470,US
Q1260516,Frohburger Dreieck,51.04110,12.56180,DE
Q171399,Fuji Speedway,35.37167,138.92667,JP
Q11614117,Funabashi AutoRace Circuit,35.68056,139.98942,JP
Q2675471,Fundidora Park raceway,25.67806,-100.28333,MX
Q48697328,Furukawa Motocross,38.53341,140.99202,JP
Q5517263,Gainesville Raceway,29.75810,-82.27470,US
Q19461940,George Ray's Dragstrip,36.04722,-90.43444,US
Q14685412,Georgetown Speedway,38.65140,-75.36420,US
Q5562391,Gillman Speedway,-34.83690,138.53700,AU
Q2655340,Glossocircuit,51.31095,5.04397,BE
Q120143928,Glostrupbanen,55.65000,12.39000,DK
Q5574394,Gnoo Blas circuit,-33.31694,149.09417,AU
Q138565423,Goa Street Circuit,15.73575,73.86159,IN
Q133847332,Golden Isles Speedway,31.23596,-81.75634,US
Q737982,Goldenport Park Circuit,40.01520,116.56129,CN
Q5583001,Good Time Park,41.39482,-74.32682,US
Q953716,Goodwood Circuit,50.85940,-0.75917,GB
Q4354417,Gotland Ring,57.83342,18.82854,SE
Q5594313,Grand Bend Motorplex,43.29110,-81.71820,CA
Q5595588,Grandview Speedway,40.37300,-75.61000,US
Q5598056,Gravity Park USA,44.05840,-88.16670,US
Q14710474,Green Valley Raceway,32.89670,-97.21030,US
Q1840264,Greenville-Pickens Speedway,34.83333,-82.50028,US
Q5605064,Greenwood Roadway,41.25400,-93.49560,US
Q139917385,Greg Moore Raceway,49.17250,-121.97806,CA
Q873601,Grenzlandring,51.13890,6.28833,DE
Q5607586,Gresham Motorsports Park,34.16670,-83.55250,US
Q139677671,Greymouth Street Circuit,-42.45357,171.20770,NZ
Q1546775,Grillenburger Dreieck,50.95220,13.50520,DE
Q1552741,Guangdong International Circuit,23.27250,112.81694,CN
Q1536210,Guia Circuit,22.19722,113.55083,CN
Q124154482,Guizhou Junchi International Circuit,26.32706,106.67696,CN
Q20053348,Gávea Circuit,-22.97588,-43.22837,BR
Q3123535,Géoparc,48.30060,6.91865,FR
Q5626721,Göteborg City Race,57.71333,11.96111,SE
Q123982784,Güstrow Speedway Stadium,53.78611,12.20472,DE
Q48697189,Hachinohe Circuit Park,40.53134,141.37544,JP
Q85846066,Hagerstown Speedway,39.66070,-77.84400,US
Q140067723,Halifax Street Circuit,44.64889,-63.58000,CA
Q5642923,Hallett Motor Racing Circuit,36.22110,-96.59310,US
Q48697085,Hama-Atsuma Off-Road Park,42.60629,141.83095,JP
Q11557741,Hamamatsu Racetrack,34.73789,137.70442,JP
Q76173200,Hamburg Speedway,42.73920,-78.82050,US
Q5645168,Hamilton Street Circuit,-37.78560,175.26800,NZ
Q2487357,Hampton Downs Motorsport Park,-37.35389,175.07528,NZ
Q58395249,Hanoi Street Circuit,21.01660,105.76574,VN
Q19284911,Hanseatenring,53.88695,11.44688,DE
Q117007096,Happy Land Circuit,10.63900,106.46300,VN
Q28873585,Harmony Speedway,40.76880,-75.17070,US
Q109733312,Harraby Park stadium,54.87751,-2.91679,GB
Q115046013,Harris Hill Raceway,29.91800,-97.87243,US
Q5683161,Havasu 95 Speedway,34.44600,-114.24900,US
Q5686886,Hayley Stadium,51.57190,-2.93528,GB
Q117840918,Heathcote Park Raceway,-36.78540,144.56931,AU
Q15223473,Hednesford Hills Raceway,52.70865,-1.97798,GB
Q97452048,Heidbergring,53.45276,10.36352,DE
Q5698676,Heidelberg Raceway,40.38700,-80.09430,US
Q657768,Helsinki Thunder,60.18306,24.96250,FI
Q48697840,Hero Shinoi Circuit,36.69895,139.82459,JP
Q1617265,Hickory Motor Speedway,35.69583,-81.26944,US
Q2013050,Hidden Valley Raceway,-12.44917,130.90694,AU
Q5756210,High Point Raceway,39.73460,-80.00710,US
Q16252707,Highlands Motorsport Park,-45.05910,169.17000,NZ
Q13726612,Highroads Course,54.17170,-4.49194,IM
Q152408,Hockenheimring,49.32778,8.56583,DE
Q5878112,Hokkaido Speed Park,42.92284,140.71819,JP
Q124115634,Holsted Speedway Center,55.46500,8.91270,DK
Q15815825,Holsteinring,53.99395,9.79961,DE
Q5889308,Homebush Street Circuit,-33.84470,151.06600,AU
Q1626077,Homestead-Miami Speedway,25.45190,-80.40930,US
Q27101818,Hong Kong Central Harbourfront Circuit,22.28194,114.15806,CN
Q7374750,Houston Raceway Park,29.79030,-94.88070,US
Q130747454,Hořice v Podkrkonoší Circuit,50.37750,15.63361,CZ
Q5939911,Humberstone Speedway,42.89910,-79.20040,CA
Q171356,Hungaroring,47.58222,19.25111,HU
Q115112795,Hyderabad Street Circuit,17.40972,78.47167,IN
Q10532409,Högstabanan,59.14833,18.21250,SE
Q24732662,Höljesbanan,60.91700,12.55500,SE
Q5967569,I-70 Speedway,39.01060,-93.87580,US
Q5984886,Ibsley Circuit,50.87944,-1.78056,GB
Q17651344,ICE Pragelato Circuit,45.01556,6.94528,IT
Q69825171,Igora Drive,60.51444,30.19417,RU
Q18659293,Iinatti Motor Sports Centre,64.95629,25.57611,FI
Q11666161,Iizuka Auto Racetrack,33.65194,130.70819,JP
Q14688440,Illiana Motor Speedway,41.47690,-87.42330,US
Q5999743,Illinois State Fairgrounds Racetrack,39.83750,-89.63889,US
Q2144191,Imatra Circuit,61.17222,28.79861,FI
Q171313,Imola Circuit,44.34111,11.71333,IT
Q6013372,Inagawa Circuit,34.97470,135.30664,JP
Q172732,Indianapolis Motor Speedway,39.79485,-86.23482,US
Q118947205,Indianapolis Speedrome,39.75748,-86.05580,US
Q19902506,Ingliston Racing Circuit,55.94306,-3.37750,GB
Q11287388,Inje Speedium,38.00140,128.29200,KR
Q605644,Iowa Speedway,41.67410,-93.01632,US
Q48700454,Ippon Ikui Speedway,33.10127,131.44022,JP
Q2447214,Irwindale Event Center,34.10944,-117.98806,US
Q11378995,Isesaki Auto Race Track,36.33383,139.16411,JP
Q604331,Islip Speedway,40.74950,-73.21150,US
Q172743,Istanbul Park,40.95167,29.40500,TR
Q48697053,Iwanai Permanent Motocross Course,42.66335,143.03742,JP
Q16850742,İzmir Park Racing Circuit,38.43389,27.27167,TR
Q8080271,İzmit Körfez Circuit,40.74310,29.78530,TR
Q123115878,Jackson Speedway,43.62829,-94.97249,US
Q22097447,Jacksonville Speedway,34.76361,-77.33278,US
Q111515889,Jakarta International e-Prix Circuit,-6.11833,106.85872,ID
Q17123783,James McNeillie Circuit,-20.13694,28.60861,ZW
Q172897,Jarama Circuit,40.61711,-3.58558,ES
Q102141307,Jeddah Corniche Circuit,21.63194,39.10444,SA
Q6177843,Jennerstown Speedway,40.15880,-79.07210,US
Q172884,Jerez-Ángel Nieto Circuit,36.70833,-6.03417,ES
Q1702512,Johor Circuit,1.48278,103.90944,MY
Q1052048,Jukasa Motor Speedway,42.93510,-79.96660,CA
Q14704888,Junction Motor Speedway,40.74430,-97.61250,US
Q6319353,Jyllands-Ringen,56.17556,9.66083,DK
Q135213115,K.M.A. Speedway,60.60070,-134.91170,CA
Q6345983,Kaeng Krachan Circuit,12.94194,99.70694,TH
Q114929865,Kakucs Ring,47.24639,19.37944,HU
Q48698358,Kanazawa Motoland,36.58059,136.77947,JP
Q1723946,Kansas Speedway,39.11579,-94.83106,US
Q48697206,Karasawa Motocross Track,41.37889,141.19053,JP
Q131676325,Karhumäki Motocross Track,61.20213,28.74003,FI
Q6370393,Kari Motor Speedway,10.90139,77.05083,IN
Q6372583,Karlskoga Motorstadion,59.38333,14.51611,SE
Q1733967,Karlsruher Dreiecksrennen,48.97330,8.43856,DE
Q73900179,Kart Circuit Autobahn,41.44604,-88.13742,US
Q114836296,Kart-Bahn Wohlen,47.32640,8.29750,CH
Q138849002,Kartarena Cheb,50.08630,12.44970,CZ
Q1734533,Kartbahn Harsewinkel,51.94710,8.22094,DE
Q141245179,Kartbahn Liedolsheim,49.84215,8.43010,DE
Q122974250,Kartbahn Lyss,47.06583,7.28778,CH
Q11736604,Kartodrom Bydgoszcz,53.11810,18.06360,PL
Q55055327,Kartodrom Slovenja vas,46.44611,15.81139,SI
Q56235543,Kartodrom Zmeinka,43.08254,131.90611,RU
Q125776430,Kartodromo Affi Kart,45.55078,10.79907,IT
Q125776428,Kartodromo Vicenza Kart,45.50968,11.44540,IT
Q65238486,Karttrack Hiroshima,34.37894,132.27411,JP
Q10313919,Kartódromo AMF Vila Real,41.27543,-7.72275,PT
Q10313921,Kartódromo Ayrton Senna,-20.54145,-54.57627,BR
Q16333903,Kartódromo Ayrton Senna,-12.90816,-38.30444,BR
Q10313929,Kartódromo de Baltar,41.18777,-8.39571,PT
Q10313933,Kartódromo de Fafe,41.42424,-8.21452,PT
Q10313937,Kartódromo de Leiria,39.80650,-8.79315,PT
Q10313938,Kartódromo de Natal,-5.82646,-35.21573,BR
Q10313922,Kartódromo Felipe Massa,-18.92500,-46.99500,BR
Q10313927,Kartódromo Internacional de Volta Redonda,-22.50204,-44.08450,BR
Q10313923,Kartódromo Internacional Dr Henrique Santillo,-18.40677,-49.24243,BR
Q10313924,Kartódromo Internacional Granja Viana,-23.60583,-46.83611,BR
Q10313925,Kartódromo Internacional Júlio Ventura,-3.88271,-38.45796,BR
Q10313926,Kartódromo Internacional M.MOA,-22.77865,-47.22959,BR
Q10313928,Kartódromo Municipal Ayrton Senna,-23.70328,-46.69311,BR
Q11477923,Kawaguchi Auto Race Track,35.81744,139.72503,JP
Q1737291,Kawartha Speedway,44.20890,-78.39140,CA
Q4212778,Kazan Ring,55.86700,49.25900,RU
Q1535659,Keimola Motor Stadium,60.31811,24.83150,FI
Q1738522,Kemora Circuit,63.41830,23.98491,FI
Q6392307,Kentucky Motor Speedway,37.71200,-86.89850,US
Q1660757,Kentucky Speedway,38.70960,-84.91620,US
Q6821071,Kevin Harvick's Kern Raceway,35.39440,-118.88700,US
Q173766,Killarney Motor Racing Complex,-33.82371,18.52909,ZA
Q134446040,Kimi Circuit,61.08548,28.37421,FI
Q16893472,King's Lynn Stadium,52.73020,0.38916,GB
Q6412991,Kings Park Speedway,50.51530,-104.49700,CA
Q134531713,Kingston Speedway,44.28280,-76.49240,CA
Q10545670,Kinnekulle Ring,58.54611,13.39889,SE
Q48700720,Kirishima-Park Mahoroba no Sato,31.87608,130.79333,JP
Q6415707,Kirkistown Circuit,54.45600,-5.46900,GB
Q48697018,Kitami Fuji Karting Circuit,43.73233,143.42688,JP
Q1290237,Klettwitz-Sonnenhäusel,51.53500,13.91840,DE
Q524404,Knockhill Racing Circuit,56.12886,-3.50351,GB
Q6423691,Knoxville Raceway,41.32750,-93.11170,US
Q171385,Korean International Circuit,34.73333,126.41667,KR
Q21006004,Kuala Lumpur Street Circuit,3.15799,101.71061,MY
Q48700754,Kukulu-Yomitan-Circuit,26.40716,127.72143,JP
Q109294400,Kukuru Yomitan Circuit,26.40714,127.72094,JP
Q141329781,Kumla Motorstadion,59.08835,15.15412,SE
Q131675757,Kurkvuori Motocross Track,61.26089,28.89422,FI
Q60776532,Kuwait Motor Town,28.93000,48.14167,KW
Q171667,Kyalami,-25.99803,28.06892,ZA
Q18628395,Kyffhäuser-Rennstrecke,51.41842,11.06246,DE
Q18680802,Kymi Ring,60.87942,26.48086,FI
Q6462071,La Crosse Fairgrounds Speedway,43.90430,-91.10430,US
Q6475784,Lake Erie Speedway,42.14610,-79.82860,US
Q6475933,Lake Geneva Raceway,42.57740,-88.40610,US
Q2973998,Lakeside International Raceway,-27.22810,152.96500,AU
Q6479286,Lakeview Speedway,30.75845,-88.14219,US
Q6486113,Langhorne Speedway,40.17820,-74.88460,US
Q6486303,Langley Speedway,49.01890,-122.64900,CA
Q731010,Langley Speedway,37.08639,-76.38667,US
Q6487076,Lanier National Speedway,34.15330,-83.81250,US
Q6492394,Las Paredes,-34.57728,-68.40486,AR
Q1523618,Las Vegas Motor Speedway,36.27222,-115.01010,US
Q6492613,Las Vegas Park Speedway,36.13466,-115.15063,US
Q113112116,Las Vegas Strip Circuit,36.11003,-115.16181,US
Q6460886,LaSalle Speedway,41.33450,-89.07520,US
Q141306813,Lavonia Speedway,34.40988,-83.03821,US
Q118352006,Lawrence Allen Circuit,-12.48778,27.84556,ZM
Q16040577,Lee USA Speedway,43.11603,-71.03997,US
Q1278139,Leineweberring,52.04000,8.58867,DE
Q6528850,Lernerville Speedway,40.73870,-79.75990,US
Q139800083,Levin Motor Racing Circuit,-40.62639,175.26583,NZ
Q48905040,Lihpao Racing Park,24.31880,120.68580,TW
Q940069,Lime Rock Park,41.92770,-73.38360,US
Q107139875,Lincoln Speedway,39.87050,-76.99456,US
Q6551013,Lincoln Speedway,40.15420,-89.38420,US
Q10562779,Linköpings Motorstadion,58.39556,15.72056,SE
Q1494058,Linnaring,59.43472,24.79806,EE
Q6556971,Lippo Village International Formula Circuit,-6.22906,106.60864,ID
Q24189422,Lismore Speedway,-28.79586,153.27433,AU
Q125662589,Ljungbyheds Motorbana,56.08470,13.22228,SE
Q18291990,Ljungheden,57.76892,16.58906,SE
Q114811655,Lochgelly Raceway,56.12646,-3.27821,GB
Q173889,Long Beach Street Circuit,33.76438,-118.19079,US
Q2974003,Longford Circuit,-41.57890,147.12400,AU
Q6674253,Longridge circuit,53.83690,-2.58694,GB
Q6674343,Longtan National Speedway,24.85444,121.19889,TW
Q6678736,Lorain County Speedway,41.35940,-82.21670,US
Q547535,Losail International Circuit,25.49000,51.45417,QA
Q6689518,Louisville Motor Speedway,38.12990,-85.73700,US
Q19875323,Loxford Park Speedway,-32.79140,151.48800,AU
Q742207,Lucas Oil Indianapolis Raceway Park,39.81278,-86.34083,US
Q6702892,Lulsgate Aerodrome,51.38230,-2.71230,GB
Q140404136,Luttenbergring,52.39361,6.37778,NL
Q1878589,Lydden Hill Race Circuit,51.17740,1.19964,GB
Q166098,Lyngåsbanen,59.81972,10.24111,NO
Q18356114,Lånkebanen,63.40500,10.92000,NO
Q14708579,MacArthur Park Raceway,35.45110,-97.62310,US
Q6724876,Macon Speedway,39.71210,-89.00690,US
Q6728021,Madison International Speedway,42.90607,-89.32675,US
Q6728083,Madison Speedway,45.00523,-96.19427,US
Q6074068,Madras International Circuit,13.00250,79.98583,IN
Q126193406,Madring,40.46361,-3.61778,ES
Q97373192,Magnolia Circuit,53.42389,14.77083,
Q14935736,Mallala Motor Sport Park,-34.41500,138.50472,AU
Q1583363,Mallory Park,52.59860,-1.33778,GB
Q10713635,Malmö Raceway,55.63000,13.02139,SE
Q105061873,Mandalika International Street Circuit,-8.89542,116.30418,ID
Q2611578,Mandescircuit,50.94062,3.27027,BE
Q588082,Manfeild Autocourse,-40.23750,175.55722,NZ
Q1891111,Mansfield Motorsports Park,40.81160,-82.49690,US
Q1434982,Mantorp Park,58.37194,15.28278,SE
Q15246008,Maple Grove Raceway,40.21270,-75.96140,US
Q6756943,Marchbanks Speedway,36.27307,-119.59443,US
Q171390,Marina Bay Street Circuit,1.29140,103.86415,SG
Q141130255,Markham Street Circuit,43.85100,-79.31480,CA
Q6771629,Marlboro Motor Raceway,38.80710,-76.73900,US
Q25004841,Marshfield Motor Speedway,44.65444,-90.25481,US
Q1815381,Martinsville Speedway,36.63407,-79.85166,US
Q222686,Masaryk Circuit,49.20472,16.45056,CZ
Q130212916,Mason Dixon Dragway,39.56461,-77.63916,US
Q6798405,Maze Sea Circuit,37.74500,138.80000,JP
Q6800569,McCormick Field Raceway,35.58722,-82.54917,US
Q6802472,McNamara Park,-37.83190,140.65100,AU
Q6803357,Meadowdale International Raceway,42.11640,-88.30370,US
Q10328221,Mega Space,-19.79167,-43.88333,BR
Q19572833,Melaka International Motorsport Circuit,2.29589,102.30700,MY
Q98212688,Melbourne Raceway,53.86755,-0.83932,GB
Q742578,Memphis International Raceway,35.28278,-89.94750,US
Q6815781,Memphis-Arkansas Speedway,35.13860,-90.31600,US
Q6816657,Mendips Raceway,51.29760,-2.77060,GB
Q15253087,Mercer Raceway Park,41.23500,-80.23167,US
Q104822367,Meridian Speedway,43.60194,-116.39056,US
Q106201824,Merrittville Speedway,43.07740,-79.25530,CA
Q15253191,Mesa Marin Raceway,35.39444,-118.88694,US
Q106544792,Miami International Autodrome,25.95806,-80.23889,US
Q1723278,Michigan International Speedway,42.06630,-84.24144,US
Q6837698,Michigan State Fairgrounds Speedway,42.44250,-83.11110,US
Q6840594,Mid-America Motorplex,41.02530,-95.81910,US
Q1931770,Mid-Ohio Sports Car Course,40.68930,-82.63640,US
Q2678302,Middle Georgia Raceway,32.66890,-83.71280,US
Q118119540,Midland Circuit Lelystad,52.45090,5.50000,NL
Q17124769,Midvaal Raceway,-26.61250,28.06032,ZA
Q6843273,Midway Dragway,33.57580,-79.93420,US
Q11882613,Mika Salo Circuit,63.22791,22.85694,FI
Q48700360,Mikawa Sports Land,33.58550,132.94742,JP
Q1284224,Milwaukee Mile,43.01850,-88.01030,US
Q48697033,Minamihoro Riverside Kartland,43.09507,141.67202,JP
Q3678086,Mine Circuit,34.14306,131.10333,JP
Q1347804,Misano World Circuit Marco Simoncelli,43.96137,12.68596,IT
Q6879718,Missouri State Fair Speedway,38.69310,-93.25640,US
Q10586703,Mittsverigebanan,62.60083,17.81667,SE
Q48698104,Mobara Twin Circuit,35.38209,140.28066,JP
Q6886891,Mobile International Speedway,30.51360,-88.21970,US
Q1420895,Mobility Resort Motegi,36.53361,140.22750,JP
Q135911525,Moisés Solana complex,19.40401,-99.08352,MX
Q16040732,Monadnock Speedway,42.83111,-72.36222,US
Q1888287,Mondello Park,53.25750,-6.74500,IE
Q125065762,Mongol63 Raceway,47.77511,107.36044,MN
Q6901036,Monmore Green Stadium,52.57710,-2.10187,GB
Q174062,Monsanto Park Circuit,38.71972,-9.20306,PT
Q5769979,Monteblanco Circuit,37.35917,-6.57222,ES
Q2974133,Montenero Circuit,43.55000,10.31670,IT
Q6905759,Montgomery Motor Speedway,32.35690,-86.44560,US
Q6905972,Monticello Motor Club’s racetrack,41.62300,-74.69910,US
Q111103709,Montichiari Circuit,45.44780,10.33440,
Q172892,Montjuïc circuit,41.36611,2.15194,ES
Q31840352,Montreal Street Circuit,45.51889,-73.55222,CA
Q171417,Monza Circuit,45.62056,9.28944,IT
Q6911808,Morgan Park Raceway,-28.26220,152.03400,AU
Q133790135,Moritzburger Dreieck,51.16515,13.67963,DE
Q1949053,Moscow Raceway,55.99647,36.26789,RU
Q18946072,Moscow Street Circuit,55.74970,37.62970,RU
Q113715382,Motocross Beynost track,45.84778,5.00444,FR
Q11913921,Motocross Felanitx,39.48366,3.14387,ES
Q123224307,motocross track of Goldbach,50.00347,9.16865,DE
Q123223847,motocross track of Laubus-Eschbach,50.40389,8.33074,DE
Q60647101,Motocross- und Offroadpark Dieskau,51.44078,12.03919,DE
Q48699815,Motocross-Park Kobe,34.67903,135.01922,JP
Q1457668,Motodrom Gelsenkirchen,51.50920,7.12725,DE
Q103820054,Motokrosový areál Rosice,50.04326,15.72402,CZ
Q6918074,Motopark Raceway,62.05513,27.55529,FI
Q1265566,Motoplex Speedway,50.37000,-119.30600,CA
Q6918143,Motor Mile Speedway,37.14300,-80.61300,US
Q107877918,Motorcenter Norway,58.34472,6.39500,NO
Q6918298,Motordrome Speedway,40.17610,-79.72740,US
Q1321650,MotorLand Aragón,41.07968,-0.18724,ES
Q48700327,Motorland Tachikawa,33.85624,133.64486,JP
Q114825237,Motorpark Romania,44.77850,26.47240,RO
Q836417,Motorsport Arena Oschersleben,52.02722,11.27861,DE
Q138591147,Motorsport Raceway Evbuobanosa,6.27860,5.99400,NG
Q116579634,MotorSport Ranch,32.52384,-97.61662,US
Q1949986,Motorsportarena Stefan Bellof,50.58580,8.81288,DE
Q137360395,Mount Clemens Race Track,42.60170,-82.86100,US
Q6921785,Mount Lawn Speedway,39.90971,-85.46091,US
Q25111668,Mount Noro Speed Park,34.26897,132.67677,JP
Q1950645,Mount Panorama Circuit,-33.44750,149.55600,AU
Q6717891,MSR Houston,29.27811,-95.42244,US
Q782455,Mugello Circuit,43.99750,11.37194,IT
Q114972660,Muscat Speedway,23.58300,58.32050,OM
Q6942792,Muskingum County Speedway,40.06951,-82.06351,US
Q1956837,Myrtle Beach Speedway,33.74640,-78.95190,US
Q24859891,Nago Circuit,26.61486,128.03472,JP
Q48700644,Nakakyushu Kartway,33.05726,130.72913,JP
Q11364025,Nakayama Circuit,34.78367,134.17711,JP
Q130282173,Napierville Dragway,45.19229,-73.44141,CA
Q48698101,Narita Motor Land,35.67536,140.39995,JP
Q108016849,Nashville Street Circuit,36.16241,-86.76947,US
Q1965810,Nashville Superspeedway,36.04440,-86.41260,US
Q48697866,Nasu Motor Sports Land,36.96948,140.12775,JP
Q1972602,Nazareth Speedway,40.72690,-75.32070,US
Q118363988,Ndola Motopark,-12.98167,28.57167,ZM
Q14704983,Nebraska Raceway Park,40.97667,-96.38917,US
Q5766979,Nemuno Žiedas,54.91611,23.70833,LT
Q48698079,NEO Speed Park,35.77302,140.08498,JP
Q118100113,New Concord Speedway,35.23561,-81.87577,US
Q14705792,New Egypt Speedway,40.07100,-74.46900,US
Q14705365,New England Dragway,43.02080,-71.02720,US
Q1815356,New Hampshire Motor Speedway,43.36230,-71.46130,US
Q16982553,New Jersey Motorsports Park,39.35897,-75.06163,US
Q7011550,New Smyrna Speedway,29.01330,-81.07000,US
Q28128139,Newcastle Street Circuit,-32.92556,151.79028,AU
Q135911506,Nigel Mansell turn,19.40603,-99.09655,MX
Q108263530,Nikko Circuit,36.66217,139.86261,JP
Q30084631,Ningbo International Circuit,29.76000,121.86639,CN
Q136458251,Nisseringen,55.22250,11.89833,DK
Q172878,Nivelles-Baulers,50.62111,4.32694,BE
Q48696969,Niyama Motorland,41.93335,140.63551,JP
Q6954900,NOLA Motorsports Park,29.88360,-90.19780,US
Q1998554,Nordring,48.65550,15.54780,AT
Q702903,Norisring,49.43140,11.12500,DE
Q14679334,North Alabama Speedway,34.70470,-87.70920,US
Q2445287,North Wilkesboro Speedway,36.14222,-81.07250,US
Q7060857,Norway Speedway,45.77440,-87.90910,US
Q22023485,Norwood Arena Speedway,42.17017,-71.19166,US
Q4318682,NRING Circuit,56.12302,43.59890,RU
Q121898013,Numidia Dragway,40.88906,-76.40003,US
Q123255244,Nyirád Racing Center,46.96989,17.42164,HU
Q12329501,Nysumbanen,56.73690,9.76833,DK
Q152207,Nürburgring,50.33556,6.94750,DE
Q48697460,Obanazawa Circuit,38.55861,140.51925,JP
Q2411203,Occoneechee Speedway,36.06830,-79.08598,US
Q25000544,Ocean Speedway,36.95201,-121.73348,US
Q2014369,Odenwaldring,49.49596,9.26636,DE
Q2014372,Odenwaldring,49.93040,9.01747,DE
Q3115714,Odsal Stadium,53.76500,-1.75694,GB
Q7080052,Ogilvie Raceway,45.82875,-93.39675,US
Q16896078,Ohsweken Speedway,43.08280,-80.11300,CA
Q173185,Okayama International Circuit,34.91500,134.22111,JP
Q7083867,Old Dominion Speedway,38.72420,-77.46560,US
Q115727538,Oliver's Mount racing circuit,54.26370,-0.40560,GB
Q116674211,Olympic Park Speedway (Mildura),-34.15892,142.12764,AU
Q48700436,Omura Bay Circuit,32.97451,129.98055,JP
Q2325699,Ona Speedway,38.43891,-82.20160,US
Q7094561,Onslow Speedway,45.39500,-63.30260,CA
Q2663312,Ontario Motor Speedway,34.07222,-117.56722,US
Q1695542,Opatija Circuit,45.35222,14.33333,HR
Q2000483,Oran Park Raceway,-34.00611,150.73389,AU
Q16191905,Orange County Fair Speedway,41.44790,-74.39440,US
Q7099593,Orange County Speedway,36.22780,-78.96140,US
Q7099719,Orange Show Speedway,34.08682,-117.29258,US
Q1825597,Ordos International Circuit,39.62194,109.87083,CN
Q4827224,Orlando Moura International Autodrome,-20.47583,-54.46556,BR
Q53232668,Orlando Speed World Dragway,28.53994,-81.09050,US
Q173116,Oscar and Juan Gálvez Race Track,-34.69427,-58.45935,AR
Q136035421,Ostseering,53.93300,14.45680,PL
Q7108243,Oswego Speedway,43.45540,-76.48190,US
Q997133,Oulton Park,53.17758,-2.61436,GB
Q135553180,Oulu Zone,65.17791,26.04124,FI
Q7113216,Oval Raceway,50.83700,-0.47100,GB
Q48698321,Owara Circuit,36.60674,137.10768,JP
Q7114960,Owosso Speedway,43.00170,-84.30780,US
Q925630,Oxford Plains Speedway,44.15381,-70.48457,US
Q194201,Padborg Park,54.86861,9.27472,DK
Q7124108,Paeroa Street Circuit,-37.37970,175.66970,NZ
Q16468481,Palanga circuit,55.90550,21.10560,LT
Q85791923,Pallas Karting,53.13222,-8.35450,IE
Q3361549,Palm Beach International Raceway,26.92210,-80.30560,US
Q2048266,Palmietfontein Circuit,-26.33667,28.14667,ZA
Q19259698,Palo Marga International Raceway Park,12.46096,-69.90000,AW
Q105037920,Pampanga International Circuit,15.11333,120.51071,PH
Q5859642,Parcmotor Castellolí,41.59194,1.68861,ES
Q28403386,Parkneuk Sports Stadium,55.79722,-3.99167,GB
Q59618802,Parque O'Higgins Circuit,-33.46269,-70.65989,CL
Q98932054,Paseo Los Próceres street circuit,10.46947,-66.89875,VE
Q172898,Pedralbes Circuit,41.38966,2.11965,ES
Q7161930,Pembrey Circuit,51.70560,-4.32056,GB
Q109857532,Penarth Road stadium,51.45955,-3.19575,GB
Q3208132,Penbay International Circuit,22.45278,120.48111,TW
Q140546475,Penrith Speedway-Aerodrome,-33.74694,150.69611,AU
Q133187772,Permyjaya Race Track,4.44740,114.04950,MY
Q7169653,Perris Auto Speedway,33.84890,-117.20200,US
Q7170876,Perth Motorplex,-32.21590,115.78934,AU
Q133539801,Perth Park,-31.95639,115.89242,AU
Q16040842,Peterborough Speedway,44.28175,-78.42649,CA
Q1726602,Phakisa Freeway,-27.90444,26.71250,ZA
Q571271,Phillip Island Grand Prix Circuit,-38.50310,145.23600,AU
Q1803538,Phoenix Raceway,33.37470,-112.31100,US
Q173368,Phoenix street circuit,33.44790,-112.07500,US
Q1895554,Piedmont Interstate Fairgrounds,34.95953,-81.95478,US
Q1423492,Pikes Peak International Raceway,38.59161,-104.67619,US
Q2096774,Pirita-Kose-Kloostrimetsa Circuit,59.46724,24.86914,EE
Q125776420,Pista Ala,45.78673,11.01172,IT
Q125776422,Pista Arcobaleno,42.84841,12.70962,IT
Q110594449,Pista Automóvel de Montalegre,41.84670,-7.75650,PT
Q125775074,Pista azzurra,45.50605,12.62646,IT
Q125776427,Pista Chioggia Kart,45.17915,12.27466,IT
Q110601709,Pista de Rallycross de Mação,39.54122,-8.00700,PT
Q125776397,Pista dei Lupetti,40.43448,18.22983,IT
Q18026956,Pista del Littorio,41.95111,12.50111,IT
Q125776419,Pista del mare,43.28602,10.52467,IT
Q125776340,Pista di Rioveggio,44.28711,11.20802,IT
Q136721571,Pista Dolna Mitropoliya,43.45184,24.50987,BG
Q128239181,Pista GOKART Locarno-Magadino,46.16056,8.89500,CH
Q17651346,pista Ice Rosa Ring,45.82670,7.97056,IT
Q125776392,Pista Kart Planet,44.51634,7.50025,IT
Q125776388,Pista Paradiso,41.53427,14.35290,IT
Q125776424,Pista Verde,45.73813,11.99660,IT
Q66788649,Pittsburgh International Dragway,40.35694,-80.18722,US
Q38250527,Pittsburgh International Race Complex,40.84898,-80.34216,US
Q22024887,Placerville Speedway,38.72611,-120.83222,US
Q1813430,Pocono Raceway,41.05540,-75.51150,US
Q125776431,"Polenta & Motori – circuito ""Riccardo Borile""",45.34171,11.62074,IT
Q120758546,Polideportivo Ciudad de Mercedes,-33.25020,-58.07930,UY
Q131731004,Polokwane Oval Raceway,-23.96233,29.39525,ZA
Q173627,Port Imperial Street Circuit,40.77690,-74.01110,US
Q7230910,Port Royal Speedway,40.53580,-77.38950,US
Q2662150,Portland International Raceway,45.59694,-122.69583,US
Q7232492,Portsmouth Raceway Park,38.73333,-83.01778,US
Q7235083,Potomac Speedway,38.40220,-76.84140,US
Q1092901,Potrero de los Funes Circuit,-33.22637,-66.23937,AR
Q16688367,Primring,43.35778,132.08222,RU
Q172865,Prince George Circuit,-33.04861,27.87361,ZA
Q114345121,ProKart Raceland Wackersdorf,49.32600,12.21500,DE
Q17746467,Puerto Madero Street Circuit,-34.61470,-58.35750,AR
Q614589,Pukekohe Park,-37.21556,174.91889,NZ
Q5884481,Punta del Este Street Circuit,-34.95470,-54.93440,UY
Q17928695,Putrajaya Street Circuit,2.92583,101.68800,MY
Q2120091,Pyynikki Circuit,61.49444,23.72972,FI
Q12047784,Písečská zmole,49.57450,16.23480,CZ
Q3412171,Pôle Mécanique Alès Cévennes,44.15510,4.07116,FR
Q133269028,Qinhuangdao Shougang Motorsport Valley,40.01361,119.50324,CN
Q220773,Queensland Raceway,-27.69028,152.65250,AU
Q7278889,Race City Motorsport Park,50.94370,-113.93200,CA
Q131683048,Race Track Swakopmund,-22.65900,14.57800,NA
Q7279043,Raceway Park,41.65690,-87.65920,US
Q122898494,Raceway Ter Apel,52.85910,7.08610,NL
Q14250583,Raceway Venray,51.51999,5.87725,NL
Q123101095,Racing Center Greinbach,47.31750,15.98083,AT
Q14252496,RAD Torque Raceway,53.33390,-113.59900,CA
Q7286939,Raleigh Speedway,35.82750,-78.61060,US
Q131830886,Ransomville Speedway,43.26167,-78.92500,US
Q171566,Red Bull Ring,47.21972,14.76472,AT
Q390103,Reem International Circuit,24.38750,45.97861,SA
Q2144189,Rennstrecke Dessau,51.75670,12.22720,DE
Q10277715,Ribeirão Preto Street Circuit,-21.09419,-47.79824,BR
Q1700358,Richmond Raceway,37.59170,-77.42090,US
Q194546,Ring Djursland,56.33722,10.68333,DK
Q3544738,Ring Knutstorp,55.98750,13.11472,SE
Q7337239,River Cities Speedway,47.93560,-97.06220,US
Q7338218,Riverhead Raceway,40.92250,-72.70440,US
Q172871,Riverside International Raceway,33.93700,-117.27256,US
Q19987830,Riverside International Speedway,35.14371,-90.13524,US
Q7338571,Riverside Park Speedway,42.03825,-72.61193,US
Q2155611,Riverside Speedway,45.56323,-62.13260,CA
Q7338776,Riverview Speedway,-35.11780,139.29200,AU
Q59772440,Riyadh Street Circuit,24.73917,46.58361,SA
Q648512,Road America,43.79750,-87.99390,US
Q964148,Road Atlanta,34.14670,-83.81780,US
Q7355262,Rockford Speedway,42.36300,-89.01700,US
Q16919487,Rockingham Dragway,34.97940,-79.61475,US
Q2654550,Rockingham Motor Speedway,52.51500,-0.65750,GB
Q2033478,Rockingham Speedway,34.97418,-79.61042,US
Q7356032,Rocky Top Raceway,38.53306,-82.53861,US
Q7357548,Roebling Road Raceway,32.16970,-81.32330,US
Q7366489,Roosevelt Raceway,40.73970,-73.59710,US
Q111700999,Rosebank Speedway,-36.86240,174.66290,NZ
Q194567,Roskilde Ring,55.63217,12.08201,DK
Q19299346,Rostocker Osthafenkurs,54.09976,12.16299,DE
Q1668631,Roy Hesketh Circuit,-29.62295,30.42546,ZA
Q2021336,Ruapuna Motorsport Park,-43.53056,172.47972,NZ
Q141253870,Ruapuna Speedway,-43.53056,172.47972,NZ
Q15054136,Rudnická rokle,50.57343,15.73480,CZ
Q168852,Rudskogen,59.36667,11.26167,NO
Q7377939,Rufforth Circuit,53.94920,-1.18480,GB
Q11998588,Ruglandsbanen,58.29847,8.17340,NO
Q1781298,Rustavi International Motorpark,41.57060,44.94890,GE
Q16766448,Røssvoll Motorstadion,66.36624,14.30351,NO
Q567770,Sachsenring,50.79060,12.68780,DE
Q48700441,Saga Yamato Circuit,33.33384,130.27848,JP
Q130262864,Saint Helier Circuit,49.20000,-2.10000,JE
Q7404184,Salem Speedway,38.60000,-86.14030,US
Q700121,Salzburgring,47.82270,13.16640,AT
Q116769221,San Antonio street circuit,29.42243,-98.48538,US
Q565081,San Carlos Circuit,9.66436,-68.55394,VE
Q2162879,Sanair Super Speedway,45.52910,-72.88370,CA
Q2712373,Sandown Raceway,-37.95080,145.16700,AU
Q7417017,Sandusky Speedway,41.42690,-82.70920,US
Q47546744,Santiago Street Circuit,-33.43469,-70.63972,CL
Q62090487,Sanya Street Circuit,18.35778,109.73444,CN
Q11471142,Sanyo Auto Race Track,34.04667,131.08483,JP
Q48698517,Sarukura Motorsports Land,35.53124,137.78363,JP
Q16041091,Sauble Speedway,44.62744,-81.21400,CA
Q7427230,Saugus Speedway,34.41640,-118.52800,US
Q7427850,Savannah Dragway,32.04850,-81.17710,US
Q1484357,Schleizer Dreieck,50.56200,11.82220,DE
Q7435586,Scotia Speedworld,44.87190,-63.53720,CA
Q114064045,Sde Yaman Race Track,31.27326,34.72722,IL
Q48696914,Seaside Park Circuit,34.88523,136.82512,JP
Q172883,Sebring International Raceway,27.45470,-81.34830,US
Q7445812,Seekonk Speedway,41.78450,-71.30200,US
Q7448494,Selinsgrove Speedway,40.78720,-76.87030,US
Q7450173,Sendai Hi-Land Raceway,38.28869,140.62400,JP
Q107313171,Sentul Gokart Raceway,-6.52407,106.86018,ID
Q1520286,Sentul International Circuit,-6.53669,106.85733,ID
Q113378664,Seoul Street Circuit,37.51142,127.07486,KR
Q172738,Sepang International Circuit,2.76056,101.73750,MY
Q16830288,Serres Racing Circuit,41.07218,23.51637,GR
Q48700346,Setouchi Circuit,33.88707,133.01261,JP
Q1690744,Shah Alam Circuit,3.07611,101.54389,MY
Q7462792,Shakespeare County Raceway,52.13740,-1.75727,GB
Q171358,Shanghai International Circuit,31.33889,121.21972,CN
Q578363,Shanghai Street Circuit,31.22111,121.54389,CN
Q30314,Shanghai Tianma Circuit,31.07750,121.11528,CN
Q7488996,Shannonville Motorsport Park,44.22540,-77.16000,CA
Q7490211,Sharon Speedway,41.30530,-80.54920,US
Q129262205,Shasta Speedway,40.45516,-122.31123,US
Q48697615,Shinkyowa cart land,39.64037,140.41932,JP
Q16900174,Sidewinders Speedway,-34.83670,138.55300,AU
Q15060010,Siegerlandring,50.70778,8.08306,DE
Q171402,Silverstone Circuit,52.07500,-1.01667,GB
Q174004,Sirius Autodrom,43.40833,39.96556,RU
Q138936450,Sirkuit Internasional Skyland,-2.91708,103.76698,ID
Q133054933,Sirkuit Puncak Mario Rappang,-3.76750,119.82806,ID
Q130363480,Sirkuit Skyland,-2.91700,103.76710,ID
Q10670553,Skreabanan,56.90111,12.57611,SE
Q7540685,Slinger Speedway,43.34070,-88.27750,US
Q2256850,Smoky Mountain Speedway,35.63891,-84.10294,US
Q2409271,Smolensk Ring,54.98875,33.36817,RU
Q1350354,Snaefell Mountain Course,54.16778,-4.47778,GB
Q1585125,Snetterton Motor Racing Circuit,52.46650,0.94822,GB
Q11626575,Sodegaura Forest Raceway,35.39495,140.08801,JP
Q114347070,Sokol International Racetrack,43.58472,76.57056,KZ
Q541066,Solitude Race Track,48.76800,9.06835,DE
Q48700449,Sonic Park Ajimu,33.45245,131.35475,JP
Q112563,Sonoma Raceway,38.16083,-122.45500,US
Q2218854,South Boston Speedway,36.70890,-78.86860,US
Q136406180,South Georgia Motorsports Park,31.06211,-83.39615,US
Q7568524,South Sound Speedway,46.82390,-122.96300,US
Q48697362,Southern Circuit,38.16986,140.78621,JP
Q7570163,Southern National Motorsports Park,35.61110,-78.06080,US
Q7570247,Southern Oregon Speedway,42.41720,-122.80100,US
Q7392470,SPA Naoiri,33.10194,131.40944,JP
Q1643113,Spa Nishiura Motor Park,34.77443,137.18688,JP
Q172851,Spa-Francochamps Circuit,50.43722,5.97139,BE
Q48700379,Speed Park Koinoura,33.80403,130.45275,JP
Q85795215,Speed Park Track,24.58243,46.32256,SA
Q11312794,Speedway Hiroshima Circuit,34.53060,133.22018,JP
Q14875641,Speedway Miramichi,47.03900,-65.52900,CA
Q16984872,Speedway Park,30.30132,-81.74508,US
Q135182301,Speedworld Pachfurth,48.03638,16.82360,AT
Q7576182,Spencer Speedway,43.22690,-77.23690,US
Q4857839,Spoorbos Circuit,52.01689,4.67975,NL
Q11313151,Sportsland Ikoma,34.71229,135.68354,JP
Q917398,Sportsland SUGO,38.14056,140.77639,JP
Q2313499,Spreewaldring Training Center,51.99860,13.68700,DE
Q7593620,St John's Short Course,54.20310,-4.64028,IM
Q1675187,St. Petersburg street circuit,27.76639,-82.62917,US
Q7596644,Stafford Motor Speedway,41.95530,-72.32040,US
Q7600910,Star Speedway,43.02917,-71.04083,US
Q7601600,Stardust International Raceway,36.10780,-115.25300,US
Q17063256,Stateline Speedway,42.00613,-79.32684,US
Q109187166,Steel Ring,49.69134,18.66872,CZ
Q2694232,Streets of Vancouver,49.27611,-123.10667,CA
Q2359418,Sturup Raceway,55.53056,13.35556,SE
Q7631321,Subic International Raceway,14.79780,120.27400,PH
Q7637842,Summit Motorsports Park,41.23528,-82.54278,US
Q17026319,Sunny South Raceway,30.48596,-88.31641,US
Q16041164,Sunset Speedway,45.61260,-123.11800,US
Q26237761,Sunset Speedway,44.28027,-79.61073,CA
Q2974012,Surfers Paradise International Raceway,-28.01640,153.37600,AU
Q281045,Surfers Paradise Street Circuit,-27.98970,153.42800,AU
Q80811983,Suriname Motorsport Park,5.44222,-55.10775,SR
Q4826095,Sutherland Automotive Speedway,52.21830,-106.66100,CA
Q174170,Suzuka Circuit,34.84167,136.53889,JP
Q24901502,Swaffham Raceway Stadium,52.65483,0.63101,GB
Q7988364,Sydney Dragway,-33.81390,150.87100,AU
Q1278165,Sydney Motorsport Park,-33.80417,150.87056,AU
Q749846,Symmons Plains Raceway,-41.65944,147.25278,AU
Q1139828,São Paulo Street Circuit,-23.51661,-46.64139,BR
Q7674014,Tacoma Speedway,47.17500,-122.49700,US
Q6351066,Taebaek Racing Park,37.08333,129.01917,KR
Q60617503,Talkessel Teutschenthal,51.45856,11.79517,DE
Q7680009,Talladega Gran Prix Raceway,33.50280,-86.00100,US
Q1547320,Talladega Superspeedway,33.56696,-86.06607,US
Q116769121,Tampa street circuit,27.99052,-82.36006,US
Q26699992,Tandragee 100,54.32890,-6.45490,GB
Q118100654,Tar Heel Speedway,35.91294,-79.79760,US
Q48780398,Tazio Nuvolari Circuit,45.07235,8.99185,IT
Q19474703,Tempelhof Airport Street Circuit,52.47917,13.38917,DE
Q2377075,Teretonga Park,-46.44056,168.26083,NZ
Q106833780,terrain de moto-cross de Tougas,47.19821,-1.63924,FR
Q2406623,Teterower Bergring,53.79290,12.54920,DE
Q1636819,Texas Motor Speedway,33.03630,-97.28160,US
Q7707871,Texas Motorplex,32.32860,-96.71740,US
Q2037552,Texas World Speedway,30.53762,-96.22058,US
Q6676136,Thailand Circuit,13.91180,100.16800,TH
Q24090013,The Bend Motorsport Park,-35.30833,139.51667,AU
Q106504893,The Magarigawa Club,35.08304,139.88224,JP
Q2249198,Thompson International Speedway,41.98167,-71.82500,US
Q1141136,Thomson Road Grand Prix circuit,1.38320,103.81900,SG
Q110822362,Three Sisters Race Circuit,53.50656,-2.63267,GB
Q7799000,Thunder Mountain Motor Speedway,31.85620,-95.18800,US
Q125878043,Thunder Mountain Speedway,42.36367,-76.08308,US
Q3526059,Thunder Road International SpeedBowl,44.17980,-72.48800,US
Q7799154,Thunderhill Raceway Park,39.54033,-122.33069,US
Q7801097,Tierp Arena,60.34420,17.45000,SE
Q1976590,Timaru International Motor Raceway,-44.29722,171.20278,NZ
Q65087040,Tipperary Raceway,52.46760,-7.79300,IE
Q3602106,Tokachi International Speedway,42.63000,143.29167,JP
Q125081274,Tokyo Street Circuit,35.63322,139.80069,JP
Q2419610,Tolbert Street Circuit,53.18901,6.37666,NL
Q7814185,Toledo Speedway,41.71670,-83.51140,US
Q48697790,Tomin Motor Land,36.11142,140.31928,JP
Q16857538,Tony Rust Race Track,-22.56892,17.00013,NA
Q2630372,Top Gear test track,51.11640,-0.54146,GB
Q9360120,Tor Kielce,50.96060,20.53970,PL
Q9360123,Tor Poznań,52.41780,16.80580,PL
Q106191827,Tor Wyrazów,50.78250,19.00139,PL
Q105636202,Tor Łódź,52.41778,16.80583,PL
Q1478398,Toronto Street Circuit,43.63722,-79.41556,CA
Q3535522,Tours Speedway,47.37820,0.72466,FR
Q7830287,Townsville Street Circuit,-19.27190,146.80900,AU
Q7833097,Tralee Speedway,-35.38940,149.18000,AU
Q96410650,Transilvania Motor Ring,46.43528,24.42694,RO
Q2272347,Trenton Speedway,40.23917,-74.72111,US
Q129408771,Tri-City Raceway,46.28200,-119.39300,US
Q7839684,Tri-City Speedway,41.49730,-79.78440,US
Q7844738,Trióvalo Bernardo Obregón,20.44610,-103.26900,MX
Q2097263,Tsukuba Circuit,36.15167,139.92139,JP
Q843925,TT Circuit Assen,52.96156,6.52330,NL
Q14680764,Tucson Speedway,32.03750,-110.78900,US
Q7859982,Tyler County Speedway,39.47210,-80.86200,US
Q96093520,Ulu Choh Dirt Park,1.54589,103.55108,MY
Q7885623,Union County Speedway,39.63550,-84.99040,US
Q7875824,US 13 Dragway,38.47320,-75.56280,US
Q691587,Utah Motorsports Campus,40.57500,-112.37500,US
Q116701093,Utica-Rome Speedway,43.07860,-75.51620,US
Q124257934,V1 Auto World Tianjin,39.38306,116.99176,CN
Q124650636,Vale Circuit,-33.44218,149.57872,AU
Q171406,Valencia Street Circuit,39.45767,-0.33163,ES
Q22271950,Valvoline Raceway,-33.83191,151.02529,AU
Q136700633,Vana-Võidu Circuit,58.38250,25.65556,EE
Q97495383,Varney International Speedway,44.12520,-80.80168,CA
Q2685216,Varsselring,52.05286,6.37812,NL
Q7919310,Velopark,-29.82167,-51.32167,BR
Q66314575,Vilkyciai Circuit,55.52528,21.45833,LT
Q847633,Virginia International Raceway,36.56170,-79.20470,US
Q7934419,Virginia Motor Speedway,37.70460,-76.69170,US
Q7934421,Virginia Motorsports Park,37.16890,-77.52920,US
Q136681952,Vogelsbergring,50.28243,9.28000,DE
Q7941055,Volunteer Speedway,36.22318,-83.05283,US
Q12072303,Volusia Speedway Park,29.21500,-81.34500,US
Q7944475,Vålerbanen,60.70330,11.81060,NO
Q2538310,Wachauring,48.21300,15.32760,AT
Q48698354,Wajima City Monzen Motorsportpark,37.30055,136.74025,JP
Q2678336,Wakefield Park,-34.84056,149.68528,AU
Q2541784,Waldparkring Mingolsheim,49.20870,8.67718,DE
Q7962633,Wall Township Speedway,40.17530,-74.11530,US
Q2199981,Walt Disney World Speedway,28.39670,-81.57770,US
Q7966773,Walton Raceway,43.67930,-81.28770,CA
Q3634566,Wanneroo Raceway,-31.66280,115.79000,AU
Q7971131,Warwick Farm Raceway,-33.91407,150.94287,AU
Q141164572,Washington Street Circuit,38.88713,-77.03649,
Q7974038,Waterford Raceway,52.12505,-7.56021,IE
Q7974045,Waterford Speedbowl,41.39670,-72.17580,US
Q7974508,Watertown Speedway,43.98750,-75.92889,US
Q171449,Watkins Glen International,42.33694,-76.92722,US
Q1423481,WeatherTech Raceway Laguna Seca,36.58472,-121.75278,US
Q137653572,Weidaer Dreieck,51.28470,13.23610,DE
Q7981321,Wellington 500,-41.28930,174.77870,NZ
Q2559013,Wendelinuspark-Rennstrecke,49.46944,7.14111,DE
Q2141116,WesBank Raceway,-26.23290,28.13650,ZA
Q116769315,West Palm Beach street circuit,26.72515,-80.08085,US
Q48698020,West Point Off-Road Village,35.93980,139.53883,JP
Q14874786,Western Speedway,48.47360,-123.50000,CA
Q7988322,Western Springs Stadium,-36.86444,174.72639,NZ
Q9254652,White Mountain Motorsports Park,44.02701,-71.68453,US
Q123592092,Whiteland Raceway Park,39.56160,-86.07950,US
Q2974016,Wigram Airfield Circuit,-43.55140,172.55200,NZ
Q5451733,Wild Horse Pass Motorsports Park,33.26890,-111.96600,US
Q8022368,Willow Springs International Motorsports Park,34.87500,-118.26400,US
Q8022393,Willowbank Raceway,-27.69640,152.66500,AU
Q8023857,Winchester Speedway,40.17530,-85.02690,US
Q2166626,Winton Motor Raceway,-36.51833,146.08750,AU
Q8027212,Wisconsin International Raceway,44.24550,-88.26030,US
Q38250946,Wolf Lake Speedway,41.67281,-87.51350,US
Q1362127,World Wide Technology Raceway at Gateway,38.65080,-90.13540,US
Q123590349,WRT Ring Hollabrunn,48.55190,16.06520,AT
Q57334773,Wuhan Street Circuit,30.50100,114.17125,CN
Q138260993,Wunstorf Air Base Circuit,52.45722,9.42722,DE
Q8040318,Wyoming County International Speedway,42.72220,-78.05670,US
Q124217103,Xiamen International Circuit,24.65405,118.31470,CN
Q48700694,Xishan off-road land,31.85604,130.40883,JP
Q172869,Yas Marina Circuit,24.47024,54.60607,AE
Q48697210,Yayoi Motocross Land,40.66849,140.35913,JP
Q11255350,YZ Circuit Mizunami,35.43614,137.24606,JP
Q9341247,Zbigniew Podlecki Stadium,54.34611,18.67139,PL
Q31841390,Zhejiang International Circuit,30.03448,120.46604,CN
Q198213,Zhuhai International Circuit,22.36719,113.55639,CN
Q8071210,Zhuhai Street Circuit,22.25300,113.58000,CN
Q116763770,Zhuzhou International Circuit,27.80456,113.05542,CN
Q130287604,zMAX Dragway,35.36380,-80.68047,US
Q48697627,Zogata Motocross Sportsland,39.19706,140.03016,JP
Q16777468,Zwartkops Raceway,-25.81010,28.10970,ZA
Q48839518,Zürich Street Circuit,47.36133,8.53533,CH
Q109023790,épreuve de rallycross de Châteauroux,46.75879,1.59075,FR
Q114160105,épreuve de rallycross de Pont de Ruan,47.25353,0.57192,FR
Q7113230,Óvalo Aguascalientes México,21.72306,-102.32750,MX
Q4248827,Курская дуга (трасса),51.72440,36.18930,RU
Q48699798,たからづかカートフィールド,34.83258,135.33640,JP
Q48697800,イワイサーキット,36.01008,139.88933,JP
Q48696882,ウィナーズオフロードパーク,42.93278,141.35661,JP
Q48698000,オフロードヴィレッジ,35.93983,139.53877,JP
Q48700016,オートランド黒岩,34.78470,132.94991,JP
Q48696894,カートランドARK,43.91306,142.55505,JP
Q48699192,カートランド三重,34.75122,136.49005,JP
Q2465788,スラクストン・サーキット,51.21028,-1.60056,GB
Q48698067,セーフティーパーク千葉,35.66173,140.22280,JP
Q173202,ドニントン・パーク,52.82917,-1.37500,GB
Q48698005,ナショナルパーク川越,35.90570,139.43753,JP
Q48699914,ハイスターランド有漢,34.89064,133.66276,JP
Q48698010,フォーミュランド・ラー飯能,35.85373,139.20694,JP
Q48699754,ミキ・アネックスパーク,34.82744,135.02015,JP
Q48697795,レオンサーキット,36.06171,140.15656,JP
Q48697910,丸和オートランド那須,36.97483,139.93775,JP
Q48699766,伊賀谷ランド,35.57924,134.77883,JP
Q48700674,宮崎セーフティーパーク,32.16084,131.41224,JP
Q48700628,御所オートランド,32.75687,131.07284,JP
Q48698073,成田モトクロスパーク,35.84141,140.40046,JP
Q48700118,楠ハイランドパーク,34.12131,131.25143,JP
Q66456837,美祢自動車試験場,34.14306,131.10333,JP
Q48697285,藤沢スポーツランド,38.88066,141.34999,JP
Q2973970,雷蒙·德米跑道,48.31620,-0.95384,FR
